filenumber,particle_id,mc_z,mc_r,pred_z,pred_r,action_z,action_r,reward
0,346778476977586176,27.970999,3.2004528,,,0
0,346778476977586176,59.75,6.845918,,,0
0,346778476977586176,69.75,7.9945235,60.25,6.8785057,60.25,6.8785057,-9.565327789988006
0,346778476977586176,81.75,9.371897,69.75,7.493511,69.75,7.493511,-12.146124236356057
0,346778476977586176,95.8,10.993248,70.2,7.5404572,70.2,7.5404572,-25.83179754311659
0,346778476977586176,96.2,11.040027,81.75,8.76951,81.75,8.76951,-14.627294604515528
0,346778476977586176,109.8,12.605639,81.8,9.028509,81.8,9.028509,-28.227572673485405
0,364817683218169856,-1.4909999,3.258944,,,0
0,364817683218169856,-2.36246,7.294642,,,0
0,364817683218169856,-3.3790298,11.704939,-2.37436,7.3124475,-2.37436,7.3124475,-4.505923100165413
0,364817683218169856,-4.6262,17.208445,-2.49214,7.3687797,-2.49214,7.3687797,-10.068427151229933
0,364817683218169856,-6.6400003,25.685642,-10.9641,11.499922,-10.9641,11.499922,-14.830121042457481
0,364817683218169856,-9.280001,35.98665,-11.5432,11.576896,-11.5432,11.576896,-24.514447985914693
0,364817683218169856,-13.144,49.657005,-12.1202,11.607444,-12.1202,11.607444,-38.063332207424
0,220677893569642496,0.993618,3.1640584,,,0
0,220677893569642496,1.0416701,3.2727673,,,0
0,220677893569642496,2.82413,7.2761436,2.72035,7.1082697,2.72035,7.1082697,-0.19736244501224137
0,220677893569642496,4.70958,11.488417,2.74681,7.2750373,2.74681,7.2750373,-4.6481216173065105
0,220677893569642496,4.79242,11.673523,3.3572102,11.518029,3.3572102,11.518029,-1.4436085182805065
0,220677893569642496,7.21642,17.140642,3.47753,11.686168,3.47753,11.686168,-6.612910482440844
0,220677893569642496,7.3063498,17.341566,7.2541494,17.20404,7.2541494,17.20404,-0.14709956640371258
0,139616811128717312,13.9895,3.163176,,,0
0,139616811128717312,30.9343,7.2290277,,,0
0,139616811128717312,48.692898,11.498744,48.692898,11.498744,48.692898,11.498744,-0.0
0,139616811128717312,59.8,14.168178,59.8,14.168178,59.8,14.168178,-0.0
0,139616811128717312,69.8,16.576801,69.8,16.38777,69.8,16.38777,-0.18903099999999995
0,139616811128717312,70.2,16.673817,70.2,16.727526,70.2,16.727526,-0.05370900000000134
0,139616811128717312,121.55,28.993357,79.520004,26.19733,79.520004,26.19733,-42.12289556458274
0,90073023356346370,95.159996,25.61176,,,0
0,90073023356346370,95.04,26.256369,,,0
0,90073023356346370,94.56,35.973656,95.112,35.635635,95.112,35.635635,-0.647272891785984
0,90073023356346370,94.08,49.749268,98.42,35.90316,98.42,35.90316,-14.510351709991872
0,90073023356346370,93.72,65.67675,100.22,36.541542,100.22,36.541542,-29.851471407675433
0,90073023356346370,93.240005,81.62245,122.15,43.868362,122.15,43.868362,-47.55164530919797
0,90073023356346370,93.240005,82.21263,122.45,44.033592,122.45,44.033592,-48.07143383034742
0,418837995160862720,-59.75,4.1542034,,,0
0,418837995160862720,-59.8,4.1565137,,,0
0,418837995160862720,-60.2,4.184843,-60.2,4.184843,-60.2,4.184843,-0.0
0,418837995160862720,-69.75,4.8322124,-69.75,4.8322124,-69.75,4.8322124,-0.0
0,418837995160862720,-70.2,4.8624887,-70.2,4.8624887,-70.2,4.8624887,-0.0
0,418837995160862720,-81.75,5.651306,-81.75,5.626043,-81.75,5.626043,-0.025262999999999813
0,418837995160862720,-82.2,5.680956,-81.8,5.6307178,-81.8,5.6307178,-0.4031425017772804
0,707071669847457792,11.0971,3.1946652,,,0
0,707071669847457792,25.6227,7.246463,,,0
0,707071669847457792,41.672,11.692138,25.9875,7.2809744,25.9875,7.2809744,-16.293001704902778
0,707071669847457792,59.8,16.710396,26.0843,7.358504,26.0843,7.358504,-34.98865974097413
0,707071669847457792,92.64,25.74181,30.8473,11.560095,30.8473,11.560095,-63.399201995224075
0,707071669847457792,121.55,33.54031,31.441101,11.694583,31.441101,11.694583,-92.71919686424559
0,707071669847457792,150.15,41.004196,35.2714,11.706488,35.2714,11.706488,-118.55567650691917
0,517915468976095232,-5.2435503,3.2020264,,,0
0,517915468976095232,-5.47126,3.3616211,,,0
0,517915468976095232,-11.0445,7.2273803,-5.56382,3.401942,-5.56382,3.401942,-6.683698934684811
0,517915468976095232,-17.3743,11.61594,-14.0576,7.1072235,-14.0576,7.1072235,-5.597233545902141
0,517915468976095232,-25.372799,17.095146,-14.1523,7.156672,-14.1523,7.156672,-14.989091475392263
0,517915468976095232,-25.654902,17.287203,-14.492701,7.332944,-14.492701,7.332944,-14.956002253392516
0,517915468976095232,-38.620003,25.927013,-22.5163,11.493773,-22.5163,11.493773,-21.625162825047326
0,328763528712290304,-1.79151,3.1939144,,,0
0,328763528712290304,-4.4384103,7.228987,,,0
0,328763528712290304,-7.34085,11.6607,-4.5530996,7.3840003,-4.5530996,7.3840003,-5.105067346928956
0,328763528712290304,-10.9923,17.25168,-7.46905,11.51272,-7.46905,11.51272,-6.734163084162724
0,328763528712290304,-16.7,25.902985,-11.3310995,17.126719,-11.3310995,17.126719,-10.288242681899384
0,328763528712290304,-23.539999,36.198776,-17.42,25.924652,-17.42,25.924652,-11.958762968107408
0,328763528712290304,-32.711998,49.56282,-18.7,26.349552,-18.7,26.349552,-27.114422346637372
0,662038559791775744,-0.842188,3.2668529,,,0
0,662038559791775744,-0.650938,7.1924844,,,0
0,662038559791775744,-0.437188,11.551218,-0.736825,7.199337,-0.736825,7.199337,-4.3621841513088375
0,662038559791775744,-0.42992702,11.753687,-2.9731898,7.373819,-2.9731898,7.373819,-5.064724006849468
0,662038559791775744,-0.167188,17.298592,-18.042799,7.3817472,-18.042799,7.3817472,-20.4421446871557
0,662038559791775744,0.3,26.29099,-18.4349,7.387165,-18.4349,7.387165,-26.614865726518797
0,662038559791775744,0.78000003,36.106564,-59.75,7.921668,-59.75,7.921668,-66.7702723235619
0,423346817468465152,59.75,4.885811,,,0
0,423346817468465152,60.25,4.933814,,,0
0,423346817468465152,69.75,5.8517647,69.75,5.8369303,69.75,5.8369303,-0.014834400000000691
0,423346817468465152,70.25,5.900851,70.25,5.87716,70.25,5.87716,-0.02369100000000035
0,423346817468465152,81.75,7.009556,81.75,6.7735634,81.75,6.7735634,-0.23599260000000033
0,423346817468465152,82.25,7.0571465,82.25,6.816016,82.25,6.816016,-0.2411304999999997
0,423346817468465152,95.75,8.358152,95.75,7.9136667,95.75,7.9136667,-0.4444853000000002
0,648522194632048640,-59.75,3.8153107,,,0
0,648522194632048640,-59.8,3.8184288,,,0
0,648522194632048640,-60.2,3.8433948,-60.2,3.8348556,-60.2,3.8348556,-0.008539199999999969
0,648522194632048640,-69.75,4.462196,-60.25,3.8465686,-60.25,3.8465686,-9.519926317762694
0,648522194632048640,-69.8,4.46712,-69.75,6.0420017,-69.75,6.0420017,-1.5756752105033855
0,648522194632048640,-70.2,4.4899225,-69.8,6.0773187,-69.8,6.0773187,-1.6370176223164021
0,648522194632048640,-81.8,5.2474256,-70.25,6.4485903,-70.25,6.4485903,-11.612290757491651
0,743123075574267904,1.30397,3.1886444,,,0
0,743123075574267904,3.14216,7.139744,,,0
0,743123075574267904,5.1823797,11.51008,3.26036,7.2566705,3.26036,7.2566705,-4.667510267999241
0,743123075574267904,7.87064,17.248096,7.54535,11.6526165,7.54535,11.6526165,-5.604926798720948
0,743123075574267904,11.8,25.658026,12.7197,17.2983,12.7197,17.2983,-8.410164498098476
0,743123075574267904,12.16,26.31424,20.619999,26.061483,20.619999,26.061483,-8.463773932534469
0,743123075574267904,16.76,36.16337,21.26,26.151943,21.26,26.151943,-10.976277628428
0,662029557540323328,16.153101,3.201126,,,0
0,662029557540323328,37.4383,7.179269,,,0
0,662029557540323328,59.8,11.352816,37.5718,7.2572584,37.5718,7.2572584,-22.602355348390518
0,662029557540323328,60.2,11.427327,37.7004,7.2698655,37.7004,7.2698655,-22.880482649716598
0,662029557540323328,70.2,13.293936,39.0935,7.2807107,39.0935,7.2807107,-31.6823802887119
0,662029557540323328,82.2,15.531916,40.3543,7.312974,40.3543,7.312974,-42.64520624981622
0,662029557540323328,149.55,28.141409,59.75,7.85304,59.75,7.85304,-92.06333644117055
0,324264052253523968,4.26811,3.1583405,,,0
0,324264052253523968,4.44894,3.2874463,,,0
0,324264052253523968,10.0686,7.2708006,9.82897,7.1721277,9.82897,7.1721277,-0.25915030020127333
0,324264052253523968,16.1459,11.593731,10.0764,7.311118,10.0764,7.311118,-7.4282975410095835
0,324264052253523968,24.107601,17.235287,10.4423,7.3795447,10.4423,7.3795447,-16.848623317785055
0,324264052253523968,36.239998,25.811972,30.3531,11.535502,30.3531,11.535502,-15.44257633049952
0,324264052253523968,36.7,26.117054,30.4054,11.713288,30.4054,11.713288,-15.719111429809129
0,27023796787478528,-0.48781198,3.1947775,,,0
0,27023796787478528,-0.91531295,7.24441,,,0
0,27023796787478528,-1.36925,11.545693,-1.01864,7.2724686,-1.01864,7.2724686,-4.287583718699305
0,27023796787478528,-1.38883,11.744463,-17.538,11.6701355,-17.538,11.6701355,-16.149341047428415
0,27023796787478528,-1.93344,17.142065,-19.6832,11.739351,-19.6832,11.739351,-18.55379472300467
0,27023796787478528,-1.95206,17.343056,-20.4961,11.770712,-20.4961,11.770712,-19.363172187839883
0,27023796787478528,-2.94,26.379755,-33.7342,17.130287,-33.7342,17.130287,-32.153311056919534
0,103593374228938752,59.75,3.8783634,,,0
0,103593374228938752,59.8,3.8800073,,,0
0,103593374228938752,60.2,3.9064667,69.75,4.2012672,69.75,4.2012672,-9.55454903879823
0,103593374228938752,69.75,4.524592,70.2,4.2286544,70.2,4.2286544,-0.5385898839504533
0,103593374228938752,69.8,4.529109,70.25,4.230029,70.25,4.230029,-0.5403229093791995
0,103593374228938752,70.2,4.554676,81.75,4.5176907,81.75,4.5176907,-11.550059216835905
0,103593374228938752,81.75,5.2978396,82.2,4.5449147,82.2,4.5449147,-0.8771521561508087
0,153139773358211072,-2.5232,3.1969295,,,0
0,153139773358211072,-2.68892,3.3931537,,,0
0,153139773358211072,-5.86865,7.157656,-6.06171,7.3348455,-6.06171,7.3348455,-0.26204633657093923
0,153139773358211072,-6.02369,7.340949,-6.14349,7.3641424,-6.14349,7.3641424,-0.1220244803453796
0,153139773358211072,-9.539949,11.495184,-6.56967,7.3854895,-6.56967,7.3854895,-5.070714567116872
0,153139773358211072,-9.70098,11.6859665,-60.25,9.040646,-60.25,9.040646,-50.61818984819706
0,153139773358211072,-14.4138,17.243452,-69.75,9.2675,-69.75,9.2675,-55.908057028896145
0,292756859364835328,-81.75,3.121721,,,0
0,292756859364835328,-81.8,3.1245055,,,0
0,292756859364835328,-82.2,3.1404386,-82.2,3.1404386,-82.2,3.1404386,-0.0
0,292756859364835328,-95.75,3.649774,-82.25,3.1415591,-82.25,3.1415591,-13.50956262743476
0,292756859364835328,-96.2,3.666603,-95.75,3.4733918,-95.75,3.4733918,-0.4897249920163791
0,292756859364835328,-109.75,4.1824603,-95.8,3.5286584,-95.8,3.5286584,-13.965312632535074
0,292756859364835328,-110.2,4.1993113,-96.2,3.8750458,-96.2,3.8750458,-14.003754786288221
0,49542550838575104,-5.17662,3.2029586,,,0
0,49542550838575104,-11.9912,7.194757,,,0
0,49542550838575104,-19.4476,11.554113,-12.1057,7.214513,-12.1057,7.214513,-8.528518263449989
0,49542550838575104,-19.8006,11.76,-12.867399,7.271238,-12.867399,7.271238,-8.259434629503703
0,49542550838575104,-29.228,17.280592,-13.419001,7.27365,-13.419001,7.27365,-18.709979625145643
0,49542550838575104,-44.22,26.034424,-15.4213,7.279008,-15.4213,7.279008,-34.36758285103938
0,49542550838575104,-61.7,36.225395,-16.9028,7.283222,-16.9028,7.283222,-53.33327765853069
0,139621965089472512,-16.6773,3.1968892,,,0
0,139621965089472512,-17.7561,3.3932338,,,0
0,139621965089472512,-39.193302,7.2687674,-18.0397,3.4249077,-18.0397,3.4249077,-21.500003138783217
0,139621965089472512,-59.8,10.993624,-59.75,7.980748,-59.75,7.980748,-3.0132908574141997
0,139621965089472512,-60.2,11.065367,-69.75,9.036085,-69.75,9.036085,-9.763221058417347
0,139621965089472512,-69.8,12.793254,-70.2,9.0973215,-70.2,9.0973215,-3.7175149017261853
0,139621965089472512,-70.2,12.865686,-81.8,10.600942,-81.8,10.600942,-11.819012876951097
0,639514789218877440,-59.8,5.681482,,,0
0,639514789218877440,-60.2,5.7186327,,,0
0,639514789218877440,-69.8,6.6266694,-69.75,6.5922647,-69.75,6.5922647,-0.06069335533721702
0,639514789218877440,-70.2,6.664036,-69.8,6.6266694,-69.8,6.6266694,-0.4017415373042282
0,639514789218877440,-82.2,7.7963614,-70.2,6.9326925,-70.2,6.9326925,-12.031040020248756
0,639514789218877440,-96.2,9.116585,-70.25,7.098037,-70.25,7.098037,-26.028389040205777
0,639514789218877440,-110.2,10.436557,-74.2,25.612011,-74.2,25.612011,-39.06781801055846
0,711581591666688000,18.238699,3.2052054,,,0
0,711581591666688000,41.2636,7.2272887,,,0
0,711581591666688000,59.8,10.515991,41.6273,7.240869,41.6273,7.240869,-18.465466400957325
0,711581591666688000,69.8,12.282299,48.7164,7.336074,48.7164,7.336074,-21.656022966154815
0,711581591666688000,81.8,14.393942,59.75,7.390373,59.75,7.390373,-23.135524172530882
0,711581591666688000,96.2,16.93303,59.8,7.4020576,59.8,7.4020576,-37.62711037124114
0,711581591666688000,149.55,26.222553,60.2,7.4822974,60.2,7.4822974,-91.29413825626119
0,662029557540323328,16.153101,3.201126,,,0
0,662029557540323328,37.4383,7.179269,,,0
0,662029557540323328,59.8,11.352816,37.5718,7.2572584,37.5718,7.2572584,-22.602355348390518
0,662029557540323328,60.2,11.427327,37.7004,7.2698655,37.7004,7.2698655,-22.880482649716598
0,662029557540323328,70.2,13.293936,39.0935,7.2807107,39.0935,7.2807107,-31.6823802887119
0,662029557540323328,82.2,15.531916,40.3543,7.312974,40.3543,7.312974,-42.64520624981622
0,662029557540323328,149.55,28.141409,59.75,7.85304,59.75,7.85304,-92.06333644117055
0,495405648456974336,5.00017,3.144923,,,0
0,495405648456974336,10.8841,7.1690125,,,0
0,495405648456974336,17.2586,11.513239,11.1196,7.3009176,11.1196,7.3009176,-7.445197954178114
0,495405648456974336,25.621302,17.161877,18.4818,11.538425,18.4818,11.538425,-9.088217713298246
0,495405648456974336,39.64,26.285954,18.799099,11.568097,18.799099,11.568097,-25.513887770472184
0,495405648456974336,55.3657,36.009327,18.9116,11.581828,18.9116,11.581828,-43.88170591721567
0,495405648456974336,81.2067,50.15071,19.1643,11.663881,19.1643,11.663881,-73.01024177631
0,968283884208783360,-59.75,5.6337967,,,0
0,968283884208783360,-60.2,5.675127,,,0
0,968283884208783360,-70.2,6.6249685,-69.75,6.543186,-69.75,6.543186,-0.4573711592418705
0,968283884208783360,-82.2,7.761561,-69.8,6.5615044,-69.8,6.5615044,-12.457934653994766
0,968283884208783360,-96.2,9.08928,-70.25,6.676407,-70.25,6.676407,-26.06193500325962
0,968283884208783360,-110.2,10.419689,-81.75,9.509457,-81.75,9.509457,-28.464557300155295
0,968283884208783360,-130.2,12.311827,-82.2,9.602866,-82.2,9.602866,-48.07638162028752
0,662046325092646912,2.15957,7.1135077,,,0
0,662046325092646912,2.21297,7.3152986,,,0
0,662046325092646912,3.31438,11.514009,3.23541,11.519035,3.23541,11.519035,-0.07912977679735995
0,662046325092646912,4.76514,17.080286,3.28895,11.625141,3.28895,11.625141,-5.6513488555498865
0,662046325092646912,4.81123,17.260145,5.7484503,17.195736,5.7484503,17.195736,-0.939430896880175
0,662046325092646912,7.12,26.122232,8.92,25.725117,8.92,25.725117,-1.8432851985585406
0,662046325092646912,9.76,35.61491,12.34,35.65812,12.34,35.65812,-2.58036181650946
0,306248966549274624,-30.6577,3.199657,,,0
0,306248966549274624,-59.75,6.1420927,,,0
0,306248966549274624,-60.25,6.193645,-60.25,6.193645,-60.25,6.193645,-0.0
0,306248966549274624,-69.75,7.1524725,-69.75,7.1524725,-69.75,7.1524725,-0.0
0,306248966549274624,-70.25,7.202906,-69.8,7.182406,-69.8,7.182406,-0.4504667024320472
0,306248966549274624,-81.75,8.366263,-70.2,7.366894,-70.2,7.366894,-11.593154807823492
0,306248966549274624,-82.25,8.417524,-70.25,7.421748,-70.25,7.421748,-12.041244530453486
0,22521159232782336,14.2595005,3.1451976,,,0
0,22521159232782336,32.2602,7.1495423,,,0
0,22521159232782336,59.8,13.277502,33.3205,7.225148,33.3205,7.225148,-27.16238040362655
0,22521159232782336,69.8,15.508116,33.4129,7.27435,33.4129,7.27435,-37.30704958788293
0,22521159232782336,121.85,27.062225,40.7753,11.54145,40.7753,11.54145,-82.54696503621815
0,22521159232782336,149.85,33.301033,41.3302,11.598232,41.3302,11.598232,-110.66868826947214
0,22521159232782336,180.15,40.01559,59.8,13.265051,59.8,13.265051,-123.2871195088543
0,4509853099753472,-1.50099,3.2996526,,,0
0,4509853099753472,-3.29537,7.2935038,,,0
0,4509853099753472,-5.21435,11.5478,-3.36511,7.3554244,-3.36511,7.3554244,-4.582106693331721
0,4509853099753472,-5.30636,11.751022,-3.56423,7.378604,-3.56423,7.378604,-4.70670331587025
0,4509853099753472,-7.72185,17.118458,-5.32305,7.3831415,-5.32305,7.3831415,-10.026496336964984
0,4509853099753472,-11.68,25.666296,-60.2,7.469373,-60.2,7.469373,-51.820057957010526
0,4509853099753472,-16.82,36.36939,-60.25,7.501689,-60.25,7.501689,-52.148912366658244
0,301745641799811072,-6.55036,3.2788239,,,0
0,301745641799811072,-13.173399,7.1633606,,,0
0,301745641799811072,-20.8034,11.637695,-13.3797,7.170694,-13.3797,7.170694,-8.664030218322244
0,301745641799811072,-30.4393,17.288965,-13.4984,7.2006507,-13.4984,7.2006507,-19.71720513220838
0,301745641799811072,-45.879997,26.35004,-13.987101,7.257724,-13.987101,7.257724,-37.17086689210614
0,301745641799811072,-62.28,35.962208,-14.087801,7.3087935,-14.087801,7.3087935,-56.066979649027026
0,301745641799811072,-86.46,50.123753,-22.3087,11.529928,-22.3087,11.529928,-74.86569721722108
0,364817683218169856,-1.4909999,3.258944,,,0
0,364817683218169856,-2.36246,7.294642,,,0
0,364817683218169856,-3.3790298,11.704939,-2.37436,7.3124475,-2.37436,7.3124475,-4.505923100165413
0,364817683218169856,-4.6262,17.208445,-2.49214,7.3687797,-2.49214,7.3687797,-10.068427151229933
0,364817683218169856,-6.6400003,25.685642,-10.9641,11.499922,-10.9641,11.499922,-14.830121042457481
0,364817683218169856,-9.280001,35.98665,-11.5432,11.576896,-11.5432,11.576896,-24.514447985914693
0,364817683218169856,-13.144,49.657005,-12.1202,11.607444,-12.1202,11.607444,-38.063332207424
0,801643963487354880,-1.96971,3.2844462,,,0
0,801643963487354880,-4.41906,7.175348,,,0
0,801643963487354880,-7.24431,11.635087,-4.46228,7.1861296,-4.46228,7.1861296,-5.247181421288458
0,801643963487354880,-10.8828,17.167126,-4.46918,7.1866426,-4.46918,7.1866426,-11.86358168522793
0,801643963487354880,-17.276,26.239975,-4.77261,7.2108507,-4.77261,7.2108507,-22.76932878055369
0,801643963487354880,-24.98,36.129528,-4.98554,7.2570114,-4.98554,7.2570114,-35.11980417811118
0,801643963487354880,-38.2323,50.193092,-5.04567,7.2673774,-5.04567,7.2673774,-54.25835774032931
0,675544342152085504,-59.8,4.2781935,,,0
0,675544342152085504,-60.25,4.307913,,,0
0,675544342152085504,-69.8,4.9917874,-69.75,4.937976,-69.75,4.937976,-0.07345520247034719
0,675544342152085504,-70.25,5.0269203,-70.2,4.96953,-70.2,4.96953,-0.07611600708188582
0,675544342152085504,-81.8,5.8527155,-70.25,4.9779696,-70.25,4.9779696,-11.583077328135506
0,675544342152085504,-82.25,5.885832,-81.75,6.8662214,-81.75,6.8662214,-1.1005286800589795
0,675544342152085504,-95.8,6.848143,-95.8,9.1591015,-95.8,9.1591015,-2.3109585
0,684548105432989696,-81.75,3.361343,,,0
0,684548105432989696,-81.8,3.3618164,,,0
0,684548105432989696,-82.25,3.3813338,-82.25,3.3685079,-82.25,3.3685079,-0.012825900000000168
0,684548105432989696,-95.8,3.934396,-95.75,3.5647259,-95.75,3.5647259,-0.37303616826523633
0,684548105432989696,-95.75,3.93512,-95.8,3.5706239,-95.8,3.5706239,-0.36790950913942083
0,684548105432989696,-96.25,3.9539192,-96.2,3.629345,-96.2,3.629345,-0.32840281866275123
0,684548105432989696,-109.75,4.513673,-96.25,3.6327927,-96.25,3.6327927,-13.528708367871934
0,364798441764683776,2.9521098,3.1900668,,,0
0,364798441764683776,8.0527,7.156348,,,0
0,364798441764683776,8.27472,7.32818,8.20701,7.3035865,8.20701,7.3035865,-0.07203807564232952
0,364798441764683776,13.749899,11.585289,8.50968,7.3282537,8.50968,7.3282537,-6.751462412944849
0,364798441764683776,21.030499,17.195951,8.66037,7.33151,8.66037,7.33151,-15.821734662138725
0,364798441764683776,21.0942,17.244425,8.9119005,7.352362,8.9119005,7.352362,-15.692715874050268
0,364798441764683776,32.64,26.071438,9.72033,7.355025,9.72033,7.355025,-29.590799051317777
0,364792738048114688,59.8,5.0199475,,,0
0,364792738048114688,60.2,5.053749,,,0
0,364792738048114688,60.25,5.057681,60.25,5.057681,60.25,5.057681,-0.0
0,364792738048114688,69.8,5.84356,69.75,5.77529,69.75,5.77529,-0.08462146831625958
0,364792738048114688,81.8,6.833406,70.25,5.8168015,70.25,5.8168015,-11.59465328112144
0,364792738048114688,95.8,7.9871535,81.75,6.7515426,81.75,6.7515426,-14.104227532771823
0,364792738048114688,109.8,9.140726,82.25,6.793752,82.25,6.793752,-27.649788190087023
0,873703412951154688,4.83293,3.2289574,,,0
0,873703412951154688,10.5374,7.207241,,,0
0,873703412951154688,16.6759,11.492056,10.7321,7.313483,10.7321,7.313483,-7.26561977785302
0,873703412951154688,16.943699,11.67842,10.7393,7.3818116,10.7393,7.3818116,-7.546880858616461
0,873703412951154688,24.8165,17.176264,10.910501,11.558405,10.910501,11.558405,-14.997904784731833
0,873703412951154688,37.36,25.939682,11.1527,17.155714,11.1527,17.155714,-27.64020020034269
0,873703412951154688,38.34,26.611767,11.2753,17.361317,11.2753,17.361317,-28.60190223206317
0,594475975446626304,-69.8,3.4576325,,,0
0,594475975446626304,-70.2,3.4791017,,,0
0,594475975446626304,-70.25,3.4801915,-70.25,3.4801915,-70.25,3.4801915,-0.0
0,594475975446626304,-81.8,4.0563135,-81.75,3.7120724,-81.75,3.7120724,-0.3478533238725911
0,594475975446626304,-82.25,4.079723,-81.8,3.714265,-81.8,3.714265,-0.5797064341233438
0,594475975446626304,-95.8,4.756837,-82.2,3.7369728,-82.2,3.7369728,-13.638186205886818
0,594475975446626304,-96.25,4.777431,-82.25,3.7474792,-82.25,3.7474792,-14.037834616148006
0,445862547862585344,81.75,3.107108,,,0
0,445862547862585344,82.2,3.1217551,,,0
0,445862547862585344,82.25,3.124013,82.25,3.124013,82.25,3.124013,-0.0
0,445862547862585344,95.75,3.631054,95.75,3.7270389,95.75,3.7270389,-0.09598490000000037
0,445862547862585344,96.2,3.6462986,95.8,3.7343338,95.8,3.7343338,-0.4095731881349712
0,445862547862585344,96.25,3.6494527,96.2,3.8238044,96.2,3.8238044,-0.18137947869836277
0,445862547862585344,109.75,4.1496344,96.25,3.8352292,96.25,3.8352292,-13.503660638130205
0,445859592925085696,-37.5681,7.150075,,,0
0,445859592925085696,-60.2,11.513732,,,0
0,445859592925085696,-70.2,13.448621,-69.8,13.224234,-69.8,13.224234,-0.45863877482066934
0,445859592925085696,-82.2,15.764961,-81.8,15.178818,-81.8,15.178818,-0.7096221645699945
0,445859592925085696,-149.85,28.739979,-82.2,15.252948,-82.2,15.252948,-68.98131997283728
0,445859592925085696,-179.85,34.404976,-95.8,17.54793,-95.8,17.54793,-85.72375691630714
0,445859592925085696,-215.15,41.06904,-149.55,26.272243,-149.55,26.272243,-67.24808697248724
0,4520092301787136,-1.6906201,3.2069802,,,0
0,4520092301787136,-1.76212,3.3434277,,,0
0,4520092301787136,-3.83538,7.28441,-3.76773,7.182254,-3.76773,7.182254,-0.12252498045704795
0,4520092301787136,-6.07855,11.546033,-3.79808,7.2836785,-3.79808,7.2836785,-4.834067573438569
0,4520092301787136,-6.18052,11.740244,-5.0855303,11.552718,-5.0855303,11.552718,-1.1109313407146673
0,4520092301787136,-9.0147,17.13224,-5.16692,11.756918,-5.16692,11.756918,-6.610559547578705
0,4520092301787136,-13.719999,25.966812,-7.3062797,17.136051,-7.3062797,17.136051,-10.914125484816157
0,914232511062605824,5.6321497,3.1439342,,,0
0,914232511062605824,14.2196,7.1305532,,,0
0,914232511062605824,23.9305,11.622882,14.2444,7.160987,14.2444,7.160987,-10.664381848050311
0,914232511062605824,36.017498,17.22469,14.287801,7.2218957,14.287801,7.2218957,-23.92144697797191
0,914232511062605824,54.879997,25.9334,17.2717,11.580208,17.2717,11.580208,-40.25416902420262
0,914232511062605824,75.7,35.593628,20.966702,17.09524,20.966702,17.09524,-57.77477190396643
0,914232511062605824,77.04,36.205303,21.0269,17.144377,21.0269,17.144377,-59.167442665603495
0,265714508318638080,12.1937,3.2948601,,,0
0,265714508318638080,26.5397,7.2171783,,,0
0,265714508318638080,42.471798,11.567236,27.209202,7.335761,27.209202,7.335761,-15.83831485148723
0,265714508318638080,60.2,16.398563,27.6566,7.342782,27.6566,7.342782,-33.77987645152009
0,265714508318638080,94.47,25.695108,59.8,7.473264,59.8,7.473264,-39.1668801254368
0,265714508318638080,121.85,33.06453,69.75,7.493511,69.75,7.493511,-58.036945239203966
0,265714508318638080,150.15,40.71674,70.2,7.5404572,70.2,7.5404572,-86.56020009464845
0,306248554249199618,11.92,25.604229,,,0
0,306248554249199618,11.283999,26.028677,,,0
0,306248554249199618,-214.55,35.13847,-11.559999,35.848907,-11.559999,35.848907,-202.99124421193878
0,306248554249199618,-1.64667,35.912045,-11.8,35.995686,-11.8,35.995686,-10.153674502650802
0,306248554249199618,-2.28,36.41443,-12.88,36.03966,-12.88,36.03966,-10.606623051325055
0,306248554249199618,-19.34,50.16036,-15.932001,36.057465,-15.932001,36.057465,-14.508828504225484
0,306248554249199618,-179.85,58.142925,-20.539999,36.06005,-20.539999,36.06005,-160.833235952292
0,4534935708762112,69.75,3.3592842,,,0
0,4534935708762112,69.8,3.3613033,,,0
0,4534935708762112,70.2,3.380024,70.2,3.380024,70.2,3.380024,-0.0
0,4534935708762112,81.75,3.9389737,81.75,3.9220016,81.75,3.9220016,-0.016972099999999823
0,4534935708762112,81.8,3.9432883,81.8,3.925689,81.8,3.925689,-0.01759929999999965
0,4534935708762112,95.75,4.6182914,82.25,3.972407,82.25,3.972407,-13.51544178553418
0,4534935708762112,96.2,4.6365705,95.8,5.3497267,95.8,5.3497267,-0.8176746086301345
0,103592205997834240,9.804689,3.2079098,,,0
0,103592205997834240,10.217401,3.3400447,,,0
0,103592205997834240,22.4981,7.282286,10.2697,3.3945298,10.2697,3.3945298,-12.831539846434582
0,103592205997834240,36.1838,11.675637,10.3148,3.4346023,10.3148,3.4346023,-27.14995053267324
0,103592205997834240,80.72,25.968649,10.4058,3.440736,10.4058,3.440736,-73.83490763707617
0,103592205997834240,121.55,39.071754,59.75,6.771655,59.75,6.771655,-69.73188937215025
0,103592205997834240,122.15,39.27095,60.2,6.82318,60.2,6.82318,-69.93325587996672
0,4506829442777088,-7.8510695,3.206916,,,0
0,4506829442777088,-17.5088,7.178154,,,0
0,4506829442777088,-28.362299,11.633581,-17.5167,7.1921906,-17.5167,7.1921906,-11.719768186871836
0,4506829442777088,-41.726402,17.094135,-19.8879,11.556581,-19.8879,11.556581,-22.529639897408927
0,4506829442777088,-42.3259,17.338108,-20.1348,11.559471,-20.1348,11.559471,-22.931148353010343
0,4506829442777088,-63.98,26.171204,-22.2138,11.5707035,-22.2138,11.5707035,-44.2446615682672
0,4506829442777088,-87.840004,35.867695,-28.6389,11.650287,-28.6389,11.650287,-63.96290772828639
0,18018521678086144,6.6689596,3.1523511,,,0
0,18018521678086144,14.664101,7.178029,,,0
0,18018521678086144,23.5672,11.640424,14.702901,7.3159533,14.702901,7.3159533,-9.862902392123702
0,18018521678086144,34.586098,17.1531,15.688299,11.521173,15.688299,11.521173,-19.719163490821053
0,18018521678086144,51.72,25.697891,15.6985,11.5463705,15.6985,11.5463705,-38.70160196570577
0,18018521678086144,71.53,35.57121,15.8878,11.605375,15.8878,11.605375,-60.583955533517496
0,18018521678086144,72.729996,36.165802,16.1352,11.720889,16.1352,11.720889,-61.64839580929244
0,9007267974217728,59.75,3.0457797,,,0
0,9007267974217728,60.2,3.0671377,,,0
0,9007267974217728,69.75,3.5505676,69.75,3.5150485,69.75,3.5150485,-0.03551910000000014
0,9007267974217728,69.8,3.5546672,69.8,3.5166028,69.8,3.5166028,-0.03806440000000011
0,9007267974217728,70.2,3.5737815,70.25,3.5250182,70.25,3.5250182,-0.06984167399833514
0,9007267974217728,81.75,4.1576805,81.75,3.7209332,81.75,3.7209332,-0.4367472999999995
0,9007267974217728,81.8,4.1618967,81.8,3.7243552,81.8,3.7243552,-0.4375414999999996
0,4525108823588864,1.19623,3.1864312,,,0
0,4525108823588864,2.68063,7.1187086,,,0
0,4525108823588864,4.36636,11.578574,2.71538,7.2774634,2.71538,7.2774634,-4.6070909860596805
0,4525108823588864,6.49841,17.222149,2.85235,7.3085947,2.85235,7.3085947,-10.562779576543692
0,4525108823588864,9.7,25.697376,19.6911,11.528286,19.6911,11.528286,-17.337392844314856
0,4525108823588864,13.6,36.018097,19.891499,11.651327,19.891499,11.651327,-25.165898352729247
0,4525108823588864,18.98,50.19029,28.6633,17.0979,28.6633,17.0979,-34.48003153713899
0,364807169138229248,-1.48733,3.2989128,,,0
0,364807169138229248,-1.8879601,7.2552214,,,0
0,364807169138229248,-2.32156,11.5487585,-1.89648,7.276159,-1.89648,7.276159,-4.293692990165954
0,364807169138229248,-2.3425698,11.750192,-2.08326,7.3536825,-2.08326,7.3536825,-4.404150015152333
0,364807169138229248,-2.90094,17.268436,-12.167299,11.492052,-12.167299,11.492052,-10.919341611669498
0,364807169138229248,-4.7400002,35.877846,-12.3763,11.49219,-12.3763,11.49219,-25.55334211381783
0,364807169138229248,-4.8599997,36.448505,-21.4631,11.52334,-21.4631,11.52334,-29.948736030909302
0,797142425461071874,69.8,6.5306177,,,0
0,797142425461071874,70.25,7.268598,,,0
0,797142425461071874,59.8,10.891249,80.7,26.184183,80.7,26.184183,-25.897564177512066
0,797142425461071874,81.5,25.904593,84.58,36.524418,84.58,36.524418,-11.057444688110584
0,797142425461071874,81.86,26.456003,88.851395,49.604427,88.851395,49.604427,-24.181173208299903
0,797142425461071874,87.672,35.70907,90.0,50.146294,90.0,50.146294,-14.623714330708735
0,797142425461071874,97.08,49.601784,121.55,63.931328,121.55,63.931328,-28.356952079656516
0,306259068312354816,20.6287,3.1478236,,,0
0,306259068312354816,20.9674,3.1974888,,,0
0,306259068312354816,46.3805,7.234047,21.0988,3.2129352,21.0988,3.2129352,-25.59948622527607
0,306259068312354816,60.2,9.422679,21.4407,3.2667224,21.4407,3.2667224,-39.24511610571542
0,306259068312354816,69.8,10.925254,21.8214,3.3035545,21.8214,3.3035545,-48.580205446542735
0,306259068312354816,70.2,10.988574,22.2563,3.3390822,22.2563,3.3390822,-48.55010910892238
0,306259068312354816,82.2,12.872507,22.3832,3.3483562,22.3832,3.3483562,-60.57028158017049
0,693555991882498048,-3.43577,3.2695637,,,0
0,693555991882498048,-8.39322,7.148594,,,0
0,693555991882498048,-14.030001,11.552309,-8.47171,7.22171,-8.47171,7.22171,-7.046182408899304
0,693555991882498048,-14.0936,11.60215,-8.67982,7.2756104,-8.67982,7.2756104,-6.930220689037844
0,693555991882498048,-21.1985,17.163336,-24.6581,11.506212,-24.6581,11.506212,-6.6311299271976285
0,693555991882498048,-32.04,25.63354,-24.8314,11.507201,-24.8314,11.507201,-15.8592990861173
0,693555991882498048,-32.84,26.277262,-25.0531,11.535438,-25.0531,11.535438,-16.67204805826135
0,355787737816629248,-1.34816,3.203041,,,0
0,355787737816629248,-1.40526,3.3597958,,,0
0,355787737816629248,-2.78213,7.157438,-2.80111,7.1584663,-2.80111,7.1584663,-0.01900783524996993
0,355787737816629248,-2.84931,7.341668,-2.86082,7.300204,-2.86082,7.300204,-0.043031888129618834
0,355787737816629248,-4.37877,11.545632,-2.9731898,7.373819,-2.9731898,7.373819,-4.402235728081929
0,355787737816629248,-4.4503603,11.74192,-9.38826,11.526109,-9.38826,11.526109,-4.942613462024023
0,355787737816629248,-6.4537497,17.2549,-9.4387,11.559328,-9.4387,11.559328,-6.430355254622723
0,22524870084526080,7.3753405,3.2119546,,,0
0,22524870084526080,7.63647,3.3273857,,,0
0,22524870084526080,16.400301,7.210237,7.69265,3.3302093,7.69265,3.3302093,-9.53298488882513
0,22524870084526080,26.3779,11.638928,7.92632,3.3571887,7.92632,3.3571887,-20.22493536033093
0,22524870084526080,38.7923,17.153204,8.10872,3.3913887,8.10872,3.3913887,-33.62840528433833
0,22524870084526080,39.248,17.355923,8.31223,3.4269855,8.31223,3.4269855,-33.92693863837122
0,22524870084526080,58.9,26.08761,29.3066,7.1424613,29.3066,7.1424613,-35.13812719575578
0,684549411103047680,1.10087,3.1946807,,,0
0,684549411103047680,2.59016,7.130712,,,0
0,684549411103047680,4.27632,11.580739,2.71538,7.2774634,2.71538,7.2774634,-4.5776319831497325
0,684549411103047680,6.38853,17.151865,2.85235,7.3085947,2.85235,7.3085947,-10.459184441975488
0,684549411103047680,9.64,25.75536,19.6911,11.528286,19.6911,11.528286,-17.419364104681776
0,684549411103047680,13.4800005,35.884335,19.891499,11.651327,19.891499,11.651327,-25.06683046864055
0,684549411103047680,18.86,49.94702,28.6633,17.0979,28.6633,17.0979,-34.28074351096254
0,418837720282955776,-11.6057,3.2449355,,,0
0,418837720282955776,-26.294699,7.209175,,,0
0,418837720282955776,-42.7482,11.64479,-42.3227,11.646549,-42.3227,11.646549,-0.4255036358023273
0,418837720282955776,-94.44,25.609035,-43.5452,11.67602,-43.5452,11.67602,-52.767504906241534
0,418837720282955776,-96.54,26.172878,-48.8089,11.691628,-48.8089,11.691628,-49.879499884947734
0,418837720282955776,-97.72,26.46874,-59.8,11.82559,-59.8,11.82559,-40.64908660625107
0,418837720282955776,-121.85,32.96644,-60.2,11.903837,-60.2,11.903837,-65.14872021103415
0,18017147288551424,0.24031301,3.1902514,,,0
0,18017147288551424,0.0884377,7.14165,,,0
0,18017147288551424,0.0859371,7.1916785,-0.0971874,7.150241,-0.0971874,7.150241,-0.1877542247367552
0,18017147288551424,-0.0634377,11.551508,-4.46066,7.3529215,-4.46066,7.3529215,-6.079777344080911
0,18017147288551424,-0.0659374,11.601915,-4.5289397,7.3543005,-4.5289397,7.3543005,-6.1612189110934485
0,18017147288551424,-0.262812,17.150991,-5.04209,7.360536,-5.04209,7.360536,-10.894700882002637
0,18017147288551424,-0.274063,17.359447,-6.6817904,7.3656654,-6.6817904,7.3656654,-11.871589661928569
0,355796946226511872,7.0620003,3.1486216,,,0
0,355796946226511872,7.1760697,3.1981945,,,0
0,355796946226511872,7.60894,3.3871212,7.18875,3.2067623,7.18875,3.2067623,-0.45726247266664033
0,355796946226511872,16.1461,7.124437,7.25521,3.2234988,7.25521,3.2234988,-9.709028985038579
0,355796946226511872,26.404001,11.588858,7.48827,3.261919,7.48827,3.261919,-20.667433134622257
0,355796946226511872,39.461,17.227602,7.67194,3.3084385,7.67194,3.3084385,-34.70284495863894
0,355796946226511872,60.140003,26.048965,7.68685,3.3370252,7.68685,3.3370252,-57.15912411085594
0,211677153945714688,-20.003399,3.2031467,,,0
0,211677153945714688,-45.801502,7.2558355,,,0
0,211677153945714688,-59.8,9.457051,-45.933403,7.295929,-45.933403,7.295929,-14.033993040446221
0,211677153945714688,-69.8,11.030454,-59.8,11.336144,-59.8,11.336144,-10.004671227786549
0,211677153945714688,-70.2,11.0936365,-60.2,11.473905,-60.2,11.473905,-10.007227594698357
0,211677153945714688,-81.8,12.920054,-69.8,14.742689,-69.8,14.742689,-12.137627377013393
0,211677153945714688,-82.2,12.98329,-70.2,15.287707,-70.2,15.287707,-12.219260931410254
0,382810572531433472,7.58262,3.2471147,,,0
0,382810572531433472,15.4127,7.117264,,,0
0,382810572531433472,24.4503,11.552299,15.5692005,7.1291184,15.5692005,7.1291184,-9.921615541287444
0,382810572531433472,24.8627,11.754557,15.664301,7.130539,15.664301,7.130539,-10.295245826473742
0,382810572531433472,35.9028,17.15606,16.0015,7.144789,16.0015,7.144789,-22.277506339925953
0,382810572531433472,36.318798,17.359257,16.872301,7.186363,16.872301,7.186363,-21.946617459331748
0,382810572531433472,53.76,25.796253,17.752699,7.2663283,17.752699,7.2663283,-40.495479188327565
0,495400288337788928,0.20093802,3.1461716,,,0
0,495400288337788928,-0.0557852,7.2146387,,,0
0,495400288337788928,-0.0603127,7.2655287,-0.189688,7.2418303,-0.189688,7.2418303,-0.13152787694116402
0,495400288337788928,-0.335938,11.574319,-21.6358,11.543482,-21.6358,11.543482,-21.299884322212012
0,495400288337788928,-0.717034,17.136906,-21.6717,11.614637,-21.6717,11.614637,-21.67010572378264
0,495400288337788928,-0.729688,17.33442,-24.2508,17.106068,-24.2508,17.106068,-23.522220438395014
0,495400288337788928,-3.42,26.11644,-24.372301,17.202768,-24.372301,17.202768,-22.76955128495476
0,657531043154231296,-4.38986,3.1937091,,,0
0,657531043154231296,-9.658899,7.334581,,,0
0,657531043154231296,-14.9707,11.538503,-14.9707,11.538503,-14.9707,11.538503,-0.0
0,657531043154231296,-15.1963,11.716708,-15.1963,11.716708,-15.1963,11.716708,-0.0
0,657531043154231296,-22.1299,17.182121,-15.381,11.7262945,-15.381,11.7262945,-8.67834627150255
0,657531043154231296,-33.672,26.129557,-29.768,11.752729,-29.768,11.752729,-14.897462849142599
0,657531043154231296,-46.879997,35.88427,-59.8,12.012141,-59.8,12.012141,-27.144152602589198
0,815153731594096641,-28.38,25.71171,,,0
0,815153731594096641,-34.079998,35.72974,,,0
0,815153731594096641,-42.34,49.87862,-35.04,35.795906,-35.04,35.795906,-15.862308583740136
0,815153731594096641,-42.7,50.456448,-46.260002,36.36744,-46.260002,36.36744,-14.531818904186357
0,815153731594096641,-52.04,65.824715,-122.15,40.140747,-122.15,40.140747,-74.66644703094575
0,815153731594096641,-62.771996,82.29637,-122.45,40.34029,-122.45,40.34029,-72.95050932235097
0,815153731594096641,-62.771996,82.29637,-149.55,57.86796,-149.55,57.86796,-90.15081360338418
0,103599215384461312,69.75,3.410855,,,0
0,103599215384461312,69.8,3.4118397,,,0
0,103599215384461312,70.25,3.4333024,70.25,3.4333024,70.25,3.4333024,-0.0
0,103599215384461312,81.8,4.001273,81.75,3.9748166,81.75,3.9748166,-0.056568021893643496
0,103599215384461312,82.25,4.0217566,81.8,3.9795089,81.8,3.9795089,-0.4519788359594867
0,103599215384461312,95.8,4.688129,82.2,3.996122,82.2,3.996122,-13.617594269475385
0,103599215384461312,96.25,4.707813,95.75,4.538743,95.75,4.538743,-0.5278112019463019
0,117119360115408896,2.5145202,3.1688135,,,0
0,117119360115408896,2.58987,3.2595735,,,0
0,117119360115408896,5.68752,7.1962204,2.61101,3.3201587,2.61101,3.3201587,-4.948612743214698
0,117119360115408896,9.16848,11.625362,2.64781,3.3765397,2.64781,3.3765397,-10.514856470055943
0,117119360115408896,13.5052,17.152111,5.0348997,7.107663,5.0348997,7.107663,-13.139137064392173
0,117119360115408896,13.6644,17.354801,5.05791,7.1400146,5.05791,7.1400146,-13.357152814792713
0,117119360115408896,20.5,26.043812,5.12919,7.250573,5.12919,7.250573,-24.278542628568562
0,941254177546305536,-20.650799,3.1934693,,,0
0,941254177546305536,-47.1789,7.1753135,,,0
0,941254177546305536,-59.8,9.068974,-48.126,7.376901,-48.126,7.376901,-11.79599029489805
0,941254177546305536,-69.8,10.572687,-59.75,9.671479,-59.75,9.671479,-10.09032585495949
0,941254177546305536,-81.8,12.36989,-59.8,9.695295,-59.8,9.695295,-22.161982276277207
0,941254177546305536,-95.8,14.462659,-69.8,14.441546,-69.8,14.441546,-26.000008572282606
0,941254177546305536,-96.2,14.522371,-70.2,14.533936,-70.2,14.533936,-26.000002572100353
0,211690829121585152,-59.75,5.4541802,,,0
0,211690829121585152,-60.2,5.494336,,,0
0,211690829121585152,-69.75,6.3601665,-69.75,6.3368044,-69.75,6.3368044,-0.02336209999999994
0,211690829121585152,-70.2,6.3994765,-70.2,6.364739,-70.2,6.364739,-0.03473749999999942
0,211690829121585152,-82.2,7.48143,-70.25,6.3699293,-70.25,6.3699293,-12.001580471175476
0,211690829121585152,-96.2,8.7420635,-81.75,7.485009,-81.75,7.485009,-14.50457465822319
0,211690829121585152,-110.2,10.001434,-82.2,7.487993,-82.2,7.487993,-28.112584115667506
0,391817359469314048,2.60894,3.1443515,,,0
0,391817359469314048,7.1685205,7.1927032,,,0
0,391817359469314048,12.1045,11.567789,7.25298,7.212949,7.25298,7.212949,-6.519346419388985
0,391817359469314048,18.4508,17.182251,7.2652397,7.2785554,7.2652397,7.2785554,-14.939877702390856
0,391817359469314048,28.24,25.81607,7.8911796,11.56559,7.8911796,11.56559,-24.842517422794653
0,391817359469314048,40.14,36.27739,8.01399,11.591437,8.01399,11.591437,-40.51514277450234
0,391817359469314048,55.640003,49.929924,8.216391,11.663371,8.216391,11.663371,-60.9370827462913
0,90072198705840128,-29.623098,3.234795,,,0
0,90072198705840128,-59.75,6.369786,,,0
0,90072198705840128,-60.2,6.416402,-60.2,6.416402,-60.2,6.416402,-0.0
0,90072198705840128,-69.75,7.397908,-60.25,6.470001,-60.25,6.470001,-9.54520881912224
0,90072198705840128,-81.75,8.628162,-69.8,16.584723,-69.8,16.584723,-14.356509427668032
0,90072198705840128,-95.75,10.073549,-70.2,17.272276,-70.2,17.272276,-26.544757870821293
0,90072198705840128,-109.8,11.519815,-73.54,25.60344,-73.54,25.60344,-38.899050028768364
0,873705130938073088,-8.480181,3.1457334,,,0
0,873705130938073088,-9.0617,3.356258,,,0
0,873705130938073088,-19.5705,7.1628647,-19.317501,7.1565437,-19.317501,7.1565437,-0.25307795052512877
0,873705130938073088,-20.152,7.373563,-19.3904,7.2702994,-19.3904,7.2702994,-0.7685687549497195
0,873705130938073088,-32.0296,11.661836,-19.733799,7.3696265,-19.733799,7.3696265,-13.023432136863587
0,873705130938073088,-47.3256,17.18097,-33.476997,11.5501175,-33.476997,11.5501175,-14.949592132508677
0,873705130938073088,-72.22,26.159143,-34.0833,11.758298,-34.0833,11.758298,-40.765085840753784
0,67555918555906048,-59.75,3.9722772,,,0
0,67555918555906048,-59.8,3.9758453,,,0
0,67555918555906048,-60.2,4.0002737,-60.2,4.0002737,-60.2,4.0002737,-0.0
0,67555918555906048,-69.75,4.6353927,-60.25,4.0070477,-60.25,4.0070477,-9.5207571883241
0,67555918555906048,-69.8,4.6409445,-69.75,5.268291,-69.75,5.268291,-0.6293358650690818
0,67555918555906048,-70.2,4.66802,-69.8,5.268409,-69.8,5.268409,-0.7214339549265785
0,67555918555906048,-81.8,5.4393206,-81.75,5.279424,-81.75,5.279424,-0.16753185575155524
0,63056716975046656,5.2351503,3.148068,,,0
0,63056716975046656,5.55016,3.335338,,,0
0,63056716975046656,11.965799,7.1570616,5.56122,3.336041,5.56122,3.336041,-7.457803335625401
0,63056716975046656,12.2667,7.336132,5.84374,3.3460453,5.84374,3.3460453,-7.561428901677043
0,63056716975046656,19.2428,11.491972,6.4480696,3.3805358,6.4480696,3.3805358,-15.149274676873297
0,63056716975046656,19.5543,11.677268,6.5569506,3.3928032,6.5569506,3.3928032,-15.413093409439892
0,63056716975046656,28.637798,17.100163,6.92706,3.4369054,6.92706,3.4369054,-25.652305018235722
0,166641776147300352,-7.9236,3.1442752,,,0
0,166641776147300352,-8.51184,3.3839107,,,0
0,166641776147300352,-17.821201,7.190301,-17.7365,7.162576,-17.7365,7.162576,-0.08912314528785352
0,166641776147300352,-28.646,11.605146,-17.744,7.2682047,-17.744,7.2682047,-11.732973358856897
0,166641776147300352,-42.4191,17.207546,-17.7983,7.3724504,-17.7983,7.3724504,-26.5125045610772
0,166641776147300352,-64.62,26.20252,-19.7272,11.592842,-19.7272,11.592842,-47.21023388105258
0,166641776147300352,-89.1,36.06658,-21.5847,17.120548,-21.5847,17.120548,-70.12323340117042
0,851192355481452544,-13.8563,7.1908846,,,0
0,851192355481452544,-13.948599,7.240716,,,0
0,851192355481452544,-21.850399,11.51313,-14.2419,7.2645617,-14.2419,7.2645617,-8.714332426110785
0,851192355481452544,-32.5779,17.298851,-14.530701,7.280677,-14.530701,7.280677,-20.64134690469294
0,851192355481452544,-48.16,25.659372,-14.584801,7.3502207,-14.584801,7.3502207,-38.24289488540182
0,851192355481452544,-66.8,35.594833,-14.6595,7.362764,-14.6595,7.362764,-59.293182241053316
0,851192355481452544,-67.9,36.214516,-14.7786,7.375678,-14.7786,7.375678,-60.444699644801325
0,337776775280984064,14.1162,3.1651945,,,0
0,337776775280984064,14.5408,3.267278,,,0
0,337776775280984064,30.987202,7.198858,30.2579,7.1085806,30.2579,7.1085806,-0.7348682985098492
0,337776775280984064,59.8,14.074437,31.028698,7.2892327,31.028698,7.2892327,-29.56056183782613
0,337776775280984064,60.2,14.170189,48.852802,11.720791,48.852802,11.720791,-11.608550857605275
0,337776775280984064,70.2,16.55163,59.8,13.889537,59.8,13.889537,-10.735303402356596
0,337776775280984064,121.55,28.768518,60.2,13.9023,60.2,13.9023,-63.125485642674654
0,801650285679214592,59.8,4.8222585,,,0
0,801650285679214592,60.2,4.8554735,,,0
0,801650285679214592,69.8,5.6234717,60.25,4.861345,60.25,4.861345,-9.580362055102762
0,801650285679214592,70.2,5.657121,69.75,5.965938,69.75,5.965938,-0.5457727910852673
0,801650285679214592,81.8,6.589648,69.8,6.0147786,69.8,6.0147786,-12.01376189322297
0,801650285679214592,82.2,6.6221147,70.2,6.4290175,70.2,6.4290175,-12.001553504802946
0,801650285679214592,95.8,7.714264,70.25,6.467177,70.25,6.467177,-25.580416845422377
0,693557847325155330,59.8,14.491796,,,0
0,693557847325155330,60.2,15.977826,,,0
0,693557847325155330,62.82,25.953323,61.9,25.915249,61.9,25.915249,-0.9207875050607514
0,693557847325155330,63.059998,26.589523,63.359997,26.54446,63.359997,26.54446,-0.30336458918271875
0,693557847325155330,65.484,36.02034,82.172,35.878616,82.172,35.878616,-16.688601789610058
0,693557847325155330,69.520004,49.904568,83.492,36.410862,83.492,36.410862,-19.424128650687322
0,693557847325155330,74.68,65.734245,122.15,51.148808,122.15,51.148808,-49.6602041123571
0,364799128959451136,-23.7681,3.145871,,,0
0,364799128959451136,-60.2,8.211527,,,0
0,364799128959451136,-70.2,9.598131,-60.25,8.248568,-60.25,8.248568,-10.041106527219451
0,364799128959451136,-81.8,11.206031,-69.8,15.154376,-69.8,15.154376,-12.632870942071126
0,364799128959451136,-95.8,13.147314,-70.2,15.688861,-70.2,15.688861,-25.725852000530686
0,364799128959451136,-109.8,15.086627,-77.14,25.746588,-77.14,25.746588,-34.355645366104255
0,364799128959451136,-179.55,24.72341,-78.08,26.053259,-78.08,26.053259,-101.47871401610686
0,837670698922016768,-10.248,3.1569002,,,0
0,837670698922016768,-21.7596,7.165287,,,0
0,837670698922016768,-34.3895,11.573462,-22.252201,7.1817217,-22.252201,7.1817217,-12.907416855360527
0,837670698922016768,-75.82,25.667736,-22.4296,7.198385,-22.4296,7.198385,-56.49470540255255
0,837670698922016768,-107.380005,35.87131,-22.6184,7.2177453,-22.6184,7.2177453,-89.47377522041367
0,837670698922016768,-122.15,40.340157,-22.8337,7.2474723,-22.8337,7.2474723,-104.68454148700093
0,837670698922016768,-150.45,48.26695,-23.5179,7.3375216,-23.5179,7.3375216,-133.36782265434465
0,337776706561507328,14.223599,3.149466,,,0
0,337776706561507328,30.631699,7.108468,,,0
0,337776706561507328,31.427801,7.300008,30.8381,7.276461,30.8381,7.276461,-0.5901709333828613
0,337776706561507328,48.875,11.492252,31.427801,7.300008,31.427801,7.300008,-17.943791759300403
0,337776706561507328,59.8,14.082329,35.1466,7.374475,35.1466,7.374475,-25.549666080896554
0,337776706561507328,60.2,14.175703,59.75,7.600528,59.75,7.600528,-6.590555840035422
0,337776706561507328,69.8,16.40525,69.75,7.693587,69.75,7.693587,-8.711806484625846
0,418836552068632577,-32.6833,3.2152505,,,0
0,418836552068632577,-32.7304,3.303866,,,0
0,418836552068632577,-34.5728,7.1731043,-34.5728,7.1731043,-34.5728,7.1731043,-0.0
0,418836552068632577,-36.5444,11.529865,-34.8388,7.384368,-34.8388,7.384368,-4.482657329866851
0,418836552068632577,-39.0943,17.233643,-39.4206,11.563453,-39.4206,11.563453,-5.67957096320664
0,418836552068632577,-42.98,25.928684,-44.9293,17.138031,-44.9293,17.138031,-9.00418517448464
0,418836552068632577,-43.3,26.546274,-45.2292,17.141277,-45.2292,17.141277,-9.600821902837748
0,459368398942371840,1.27799,3.1729107,,,0
0,459368398942371840,3.10723,7.1143904,,,0
0,459368398942371840,3.20758,7.331076,3.12273,7.166649,3.12273,7.166649,-0.1850290810359288
0,459368398942371840,5.19341,11.595854,3.17082,7.174328,3.17082,7.174328,-4.862176722084049
0,459368398942371840,7.77404,17.166092,3.17905,7.2513304,3.17905,7.2513304,-10.927782514533062
0,459368398942371840,11.92,26.006516,3.20758,7.331076,3.20758,7.331076,-20.60772480042375
0,459368398942371840,16.7,36.247353,4.56527,11.492224,4.56527,11.492224,-27.569332309280558
0,292741534921523200,12.7237,3.1939995,,,0
0,292741534921523200,13.5662,3.4259632,,,0
0,292741534921523200,27.0628,7.157659,13.825399,3.4414876,13.825399,3.4414876,-13.749135067668036
0,292741534921523200,27.720901,7.339106,59.8,6.060749,59.8,6.060749,-32.10456025662476
0,292741534921523200,42.8904,11.527134,60.25,6.105355,60.25,6.105355,-18.18657196078582
0,292741534921523200,59.8,16.177149,69.75,7.0639915,69.75,7.0639915,-13.492669847728665
0,292741534921523200,95.04,25.618946,70.2,7.1082525,70.2,7.1082525,-30.978563134060018
0,459370185648766976,-9.38406,3.1719859,,,0
0,459370185648766976,-20.9029,7.1878195,,,0
0,459370185648766976,-33.782402,11.606038,-21.0092,7.220872,-21.0092,7.220872,-13.504975756378089
0,459370185648766976,-76.020004,25.627964,-21.5385,7.253812,-21.5385,7.253812,-57.496467194264376
0,459370185648766976,-78.68,26.472158,-22.8121,7.2875023,-22.8121,7.2875023,-59.07007080355959
0,459370185648766976,-121.55,39.453648,-23.9645,7.2993517,-23.9645,7.2993517,-102.74642855495364
0,459370185648766976,-122.45,39.620075,-26.8186,7.330873,-26.8186,7.330873,-100.93541118832778
0,22521571549642752,10.636499,3.2219715,,,0
0,22521571549642752,23.4952,7.1565886,,,0
0,22521571549642752,24.0724,7.3329077,24.0724,7.3329077,24.0724,7.3329077,-0.0
0,22521571549642752,38.0664,11.603364,24.59,7.3660226,24.59,7.3660226,-14.126868694093323
0,22521571549642752,84.979996,25.985682,26.5003,7.36727,26.5003,7.36727,-61.37198147081582
0,22521571549642752,121.85,37.29199,39.4253,7.3684387,39.4253,7.3684387,-87.68836919736694
0,22521571549642752,150.15,45.991463,59.75,7.85304,59.75,7.85304,-98.11574444974124
0,324267075910500352,81.75,3.5303771,,,0
0,324267075910500352,82.2,3.5470035,,,0
0,324267075910500352,82.25,3.5505688,82.25,3.5505688,82.25,3.5505688,-0.0
0,324267075910500352,95.75,4.135724,95.75,4.49169,95.75,4.49169,-0.35596600000000045
0,324267075910500352,96.2,4.153922,95.8,4.508032,95.8,4.508032,-0.5342226989748796
0,324267075910500352,96.25,4.1580677,96.25,4.569606,96.25,4.569606,-0.41153830000000013
0,324267075910500352,109.75,4.7459216,109.75,6.3219614,109.75,6.3219614,-1.5760398000000002
0,130610780105080832,5.70216,3.1484613,,,0
0,130610780105080832,12.633,7.178795,,,0
0,130610780105080832,20.087101,11.570232,12.830999,7.369709,12.830999,7.369709,-8.38423578556406
0,130610780105080832,29.771,17.189335,12.851801,7.3783674,12.851801,7.3783674,-19.55797484531184
0,130610780105080832,45.412,25.996527,22.1643,11.550395,22.1643,11.550395,-27.370536806051575
0,130610780105080832,64.928604,36.160316,22.5493,11.75367,22.5493,11.75367,-48.904905444073115
0,130610780105080832,96.78,50.219902,32.409,17.11367,32.409,17.11367,-72.38541454076108
0,797166271102713856,69.75,3.6165633,,,0
0,797166271102713856,69.8,3.621304,,,0
0,797166271102713856,70.2,3.654656,70.2,3.654656,70.2,3.654656,-0.0
0,797166271102713856,81.75,4.666047,70.25,3.6620445,70.25,3.6620445,-11.543743804329957
0,797166271102713856,82.2,4.705062,81.75,5.3357935,81.75,5.3357935,-0.7748046367260931
0,797166271102713856,82.25,4.7108145,95.75,7.357814,95.75,7.357814,-13.757056602086081
0,797166271102713856,95.75,5.9439015,95.8,7.3658075,95.8,7.3658075,-1.422784830125764
0,878205363311083520,5.25032,3.3197227,,,0
0,878205363311083520,11.1907,7.1652017,,,0
0,878205363311083520,17.8857,11.510389,11.278501,7.1999216,11.278501,7.1999216,-7.888929447780843
0,878205363311083520,26.645401,17.162123,11.4208,7.3877563,11.4208,7.3877563,-18.092172893140003
0,878205363311083520,40.72,26.20766,14.3631,11.492207,14.3631,11.492207,-30.18659859283932
0,878205363311083520,56.0,35.93349,14.381399,11.682173,14.381399,11.682173,-48.16881071224086
0,878205363311083520,56.46,36.221756,14.588,17.187004,14.588,17.187004,-45.99550160289051
0,153124723792805888,59.8,3.5882714,,,0
0,153124723792805888,60.25,3.6128552,,,0
0,153124723792805888,60.2,3.6130936,69.75,4.1193147,69.75,4.1193147,-9.563407332226582
0,153124723792805888,69.8,4.1898584,70.2,4.1222477,70.2,4.1222477,-0.4056737688765378
0,153124723792805888,70.2,4.2134275,81.75,4.191684,81.75,4.191684,-11.550020466639538
0,153124723792805888,70.25,4.2187915,81.8,4.2093554,81.8,4.2093554,-11.550003854544082
0,153124723792805888,81.8,4.9207883,82.2,4.3305798,82.2,4.3305798,-0.7129839223097915
0,229685024104906752,19.0068,3.2116675,,,0
0,229685024104906752,42.4066,7.131041,,,0
0,229685024104906752,60.2,10.127756,42.5089,7.290288,42.5089,7.290288,-17.917205246941393
0,229685024104906752,69.8,11.75051,42.969,7.3181977,42.969,7.3181977,-27.194630965040343
0,229685024104906752,81.8,13.776949,59.75,8.29186,59.75,8.29186,-22.721987178456043
0,229685024104906752,95.8,16.133598,69.75,8.836626,69.75,8.836626,-27.052694881818777
0,229685024104906752,96.2,16.201075,70.2,8.933104,70.2,8.933104,-26.996729477046678
0,63054449232314368,8.32773,3.208392,,,0
0,63054449232314368,8.66642,3.338443,,,0
0,63054449232314368,18.7271,7.2163496,18.4583,7.108243,18.4583,7.108243,-0.2897248297325574
0,63054449232314368,29.981699,11.535486,18.485401,7.273439,18.485401,7.273439,-12.260909930955899
0,63054449232314368,44.4902,17.096012,18.727001,7.328954,18.727001,7.328954,-27.55245623694855
0,63054449232314368,45.0005,17.291306,20.0088,7.334985,20.0088,7.334985,-26.901921803935142
0,63054449232314368,66.840004,25.643799,21.64,7.3466506,21.64,7.3466506,-48.76295726441986
0,950266805639708672,28.089802,3.1753647,,,0
0,950266805639708672,60.2,6.751136,,,0
0,950266805639708672,70.2,7.865824,69.75,7.815177,69.75,7.815177,-0.45284116267075647
0,950266805639708672,82.2,9.195288,70.2,7.8653054,70.2,7.8653054,-12.073477283546062
0,950266805639708672,96.2,10.746168,81.75,9.117191,81.75,9.117191,-14.541529014052447
0,950266805639708672,110.2,12.279058,81.8,9.200484,81.8,9.200484,-28.56637215107085
0,950266805639708672,130.2,14.46195,82.2,9.461168,82.2,9.461168,-48.259795074280234
0,950262338873720832,27.227701,3.1956234,,,0
0,950262338873720832,59.75,6.945758,,,0
0,950262338873720832,60.25,7.003254,60.2,7.0334196,60.2,7.0334196,-0.058394892099906504
0,950262338873720832,69.75,8.097639,69.75,8.858294,69.75,8.858294,-0.7606550000000016
0,950262338873720832,70.25,8.155706,70.2,8.933104,70.2,8.933104,-0.7790042685402946
0,950262338873720832,82.25,9.533113,70.25,9.032355,70.25,9.032355,-12.010443729295101
0,950262338873720832,95.8,11.086361,77.479996,26.070227,77.479996,26.070227,-23.66725135849053
0,860199004980379648,13.4605,3.2694397,,,0
0,860199004980379648,18.2858,7.276709,,,0
0,860199004980379648,23.5472,11.593237,18.3143,7.290639,18.3143,7.290639,-6.774628547721566
0,860199004980379648,30.792099,17.270744,26.695599,11.562494,26.695599,11.562494,-7.026053679876066
0,860199004980379648,42.739998,25.968521,37.7416,17.203335,37.7416,17.203335,-10.090216458580064
0,860199004980379648,43.66,26.593231,38.2706,17.248055,38.2706,17.248055,-10.787861086933587
0,860199004980379648,58.379997,35.920433,86.7,25.911884,86.7,25.911884,-30.036538132837645
0,657527813338824704,81.75,3.3985932,,,0
0,657527813338824704,82.2,3.4144864,,,0
0,657527813338824704,82.25,3.4165416,82.25,3.4165416,82.25,3.4165416,-0.0
0,657527813338824704,95.75,3.9790573,95.75,3.9721146,95.75,3.9721146,-0.00694270000000019
0,657527813338824704,96.2,3.9970336,96.2,3.9921536,96.2,3.9921536,-0.0048799999999999955
0,657527813338824704,96.25,3.9977386,96.25,3.9933891,96.25,3.9933891,-0.004349500000000006
0,657527813338824704,109.75,4.5602636,109.75,4.3188906,109.75,4.3188906,-0.24137300000000028
0,558446628671848448,2.2351,3.2019086,,,0
0,558446628671848448,3.6501598,7.131425,,,0
0,558446628671848448,5.2210603,11.492098,5.16506,11.53417,5.16506,11.53417,-0.07004346353579279
0,558446628671848448,5.28823,11.679007,5.3845797,11.621778,5.3845797,11.621778,-0.11206437048004961
0,558446628671848448,7.2762704,17.189922,5.89804,11.706653,5.89804,11.706653,-5.653826842223341
0,558446628671848448,10.440001,25.941605,8.62203,11.708377,8.62203,11.708377,-14.348860507260671
0,558446628671848448,13.960001,35.69848,-15.1963,11.716708,-15.1963,11.716708,-37.752023472425755
0,139612069484822528,-10.9677,3.2375603,,,0
0,139612069484822528,-25.342,7.1667013,,,0
0,139612069484822528,-41.3192,11.533665,-25.4131,7.2232676,-25.4131,7.2232676,-16.479791957301124
0,139612069484822528,-59.8,16.578066,-30.5401,11.5504055,-30.5401,11.5504055,-29.68870354382724
0,139612069484822528,-93.92,25.855381,-31.0949,11.754957,-31.0949,11.754957,-64.38800468246998
0,139612069484822528,-121.85,33.445396,-45.6733,17.283077,-45.6733,17.283077,-77.87239676771071
0,139612069484822528,-150.45,41.191715,-47.1826,17.314238,-47.1826,17.314238,-105.99193276209999
0,801645818913226752,4.18075,3.2405915,,,0
0,801645818913226752,9.16333,7.2220025,,,0
0,801645818913226752,14.6306,11.590761,9.33219,7.269488,9.33219,7.269488,-6.8371447892105515
0,801645818913226752,21.7237,17.26674,9.65495,7.3389854,9.65495,7.3389854,-15.627381033312048
0,801645818913226752,32.16,25.603481,10.4423,7.3795447,10.4423,7.3795447,-28.350843859688858
0,801645818913226752,32.879997,26.173756,29.854801,11.505861,29.854801,11.505861,-14.976613588172764
0,801645818913226752,45.379997,36.15455,30.3478,11.574322,30.3478,11.574322,-28.81240280120339
0,887212150248964096,0.549978,3.1489308,,,0
0,887212150248964096,1.51048,7.2508683,,,0
